Time,Alpha,Beta,Theta,Gamma,Delta,B/A,T/A,G/B,T/B,D/B,(B+G)/(A+T),Spectral Entropy,Sample Entropy,Delta RP,Theta RP,Alpha RP,Beta RP,FAA,Engagement,ZCR,Spectral_Entropy_New,Rule_Label,ML_Label
13:58:57,8.286250530573508e+17,2.819531807973688e+18,6.641235391634323e+17,2.4757098933969746e+18,4.712106008631118e+17,3.4026629988684913,0.8014765384090637,0.8780570896187876,0.23554390742650205,0.16712370455638045,3.547309794138112,6.675389127964557,0.005847175065124761,0.09850768001004533,0.1388365816966314,0.17322600855194456,0.5894297297413786,-0.41620372118943405,1.888818936200791,3,1.98837631435214,Acute Stress,Distressed
13:58:58,8.434608559437966e+18,2.862423274911954e+19,6.747445883150969e+18,2.516316527826995e+19,4.778479322496561e+18,3.3936646315483423,0.7999714314662374,0.8790861050780112,0.23572495173197314,0.16693824999182008,3.5428273710114127,6.675295624558695,0.0026668666640643456,0.09835344832005001,0.13887986641199923,0.17360603260225377,0.5891606526656971,-0.4155546200634433,1.8853991636877814,3,1.988508813909307,Acute Stress,Distressed
13:58:59,5.733886223760963e+20,1.933209093796722e+21,4.633434089304638e+20,1.7049834122012184e+21,3.310847514853136e+20,3.3715511929511117,0.8080791819872356,0.8819446472045709,0.2396757859339889,0.17126173911952813,3.509289185762731,6.676770572617745,0.002928664724549735,0.10029753290739697,0.14036345858921298,0.173700129539323,0.5856388789640672,-0.4119387494247442,1.8647143479886124,3,1.9943415521858667,Acute Stress,Stressed
