ear,blink_rate,smile_ratio,brow_furrow_score,movement_code,tilt_code,emotion,fatigue_score,Predicted_Label
0.43649682298163256,60,17.04739782424234,131.54847015454038,1,2,0,12.0,Stressed
0.2740916804059103,54,5124451.190127582,108.77959367454909,1,2,0,10.894431239695567,Relaxed
0.18589755646425338,66,68.00667247695245,147.7193284577208,0,2,0,13.36057683265181,Relaxed
0.2390532785662473,108,5664803.615307419,149.60280746028798,0,2,0,21.720710041075314,Relaxed
0.2712927105564225,24,6118823.416311341,145.13442045221387,0,1,0,4.896530467082684,Relaxed
