ear,blink_rate,smile_ratio,brow_furrow_score,movement_code,tilt_code,emotion,fatigue_score,Predicted_Label
0.4629218082002602,6,11.401703261024277,42.720018726587654,0,1,0,1.2000000000000002,Relaxed
0.08712778926574918,0,26.907057832516863,82.15229759416349,1,0,1,0.2346541580506881,Relaxed
0.10961737579924724,12,5.632046098676318,97.082439194738,1,1,0,2.6177869681505648,Relaxed
0.1341794523412055,42,7.1260874992602385,99.04544411531506,1,0,0,8.599365410744095,Stressed
0.23193044879984376,18,6.307803382080272,103.81233067415451,1,1,0,3.726052163400117,Relaxed
