ear,blink_rate,smile_ratio,brow_furrow_score,movement_code,tilt_code,emotion,fatigue_score,Predicted_Label
0.27889747076969673,36,7433034.373659252,163.11039206623224,1,2,0,7.290826896922727,Relaxed
0.28113943916132195,78,75.68940098665517,163.29421300217592,1,2,0,15.68914542062901,Relaxed
0.35740225606884135,48,51.970778351847166,152.7776161615307,1,2,0,9.63194830794837,Relaxed
0.19747199871870025,24,6818357.573492314,154.72879499304582,1,2,0,4.951896000960976,Relaxed
0.3256689683852527,30,69.64124497347086,145.09651959988565,1,2,0,6.05574827371106,Relaxed
