ear,blink_rate,smile_ratio,brow_furrow_score,movement_code,tilt_code,emotion,fatigue_score,Predicted_Label
0.16041174151534604,12,38.20956425344306,79.30952023559341,1,2,0,2.579691193863491,Relaxed
0.2548979870339313,12,5203844.732503075,101.04454463255303,1,0,1,2.508826509724552,Relaxed
0.2526547599787524,18,36.77609105063291,110.01818031580054,1,0,1,3.7105089300159357,Relaxed
0.24395162771721995,12,5223983.154643591,103.4842983258813,0,2,1,2.5170362792120855,Relaxed
0.23080091841702083,18,5400000.0,105.00476179678711,1,0,1,3.7268993111872346,Relaxed
