ear,blink_rate,smile_ratio,brow_furrow_score,movement_code,tilt_code,emotion,fatigue_score,Predicted_Label
0.23710012216489357,36,68.46828639163084,129.86916493148019,0,1,0,7.32217490837633,Relaxed
0.28729411515466285,30,6774215.821775978,129.40247292845683,0,1,1,6.0845294136340025,Relaxed
0.2926942364952799,24,8709190.547921201,172.0,1,0,1,4.880479322628541,Relaxed
