ear,blink_rate,smile_ratio,brow_furrow_score,movement_code,tilt_code,emotion,fatigue_score,Predicted_Label
0.25168681235514545,66,5445181.356024792,125.60254774486066,0,1,0,13.311234890733642,Relaxed
0.2501080958605862,72,5636488.268416781,118.59595271340417,0,2,0,14.51241892810456,Relaxed
0.21061240606499076,66,5692099.788303083,118.90332207301863,1,1,0,13.342040695451258,Relaxed
0.24433417261407187,72,4438468.204234429,102.1077861869505,1,1,0,14.516749370539447,Relaxed
0.23081725010512932,90,9047098.982546836,179.07819521091898,0,2,0,18.126887062421154,Relaxed
