ear,blink_rate,smile_ratio,brow_furrow_score,movement_code,tilt_code,emotion,fatigue_score,Predicted_Label
0.2565561444158919,6,7531268.1535050925,142.57980221616245,1,2,0,1.3075828916880812,Relaxed
0.23884585791992907,0,54.082886708200455,143.56183336806478,0,2,1,0.12086560656005318,Relaxed
0.24764523446867204,0,7648529.270389177,143.37712509323097,0,2,0,0.11426607414849599,Relaxed
0.25316868366051903,0,7433034.373659252,142.3938200906205,0,2,0,0.11012348725461074,Relaxed
0.2551202729146962,0,7629547.82408499,143.56183336806478,0,2,1,0.10865979531397786,Relaxed
