ear,blink_rate,smile_ratio,brow_furrow_score,movement_code,tilt_code,emotion,fatigue_score,Predicted_Label
0.283198994400299,0,6103277.807866851,142.42541907960108,1,2,1,0.08760075419977577,Relaxed
0.34514924573856165,30,6236986.45180507,155.46703830716015,1,1,1,6.041138065696079,Relaxed
0.17186246658492776,18,6519202.405202648,146.4137971640651,1,2,1,3.7711031500613044,Relaxed
0.1613186461659531,36,7125307.010929423,156.28499608087785,0,2,2,7.379011015375536,Relaxed
0.300886423750942,0,74.03978904376063,154.72879499304582,1,1,1,0.07433518218679352,Relaxed
0.18205781256089332,12,4.391215028604588,164.02743672934722,1,0,0,2.314640301530207,Anxious
0.33122095428932535,0,5003998.401278721,109.89540481748998,1,2,1,0.05158428428300601,Relaxed
