ear,blink_rate,smile_ratio,brow_furrow_score,movement_code,tilt_code,emotion,fatigue_score,Predicted_Label
0.29187561236639215,0,7999999.999999999,181.0994202089007,1,0,0,0.0810932907252059,Relaxed
0.35653868041083303,6,42.52028258713704,179.47144619688115,0,2,0,1.2325959896918754,Relaxed
0.26225669386979644,18,39.61356216774367,181.33394607739612,0,2,0,3.703307479597653,Relaxed
0.3433081001580507,12,62.12827698526641,178.71765441612084,0,2,0,2.4425189248814623,Relaxed
0.3245023630416923,6,8.133639075449876,180.8009955724802,0,2,0,1.256623227718731,Relaxed
