ear,blink_rate,smile_ratio,brow_furrow_score,movement_code,tilt_code,emotion,fatigue_score,Predicted_Label
0.22767775481219782,78,7799999.999999999,160.0281225285106,0,0,0,15.729241683890853,Relaxed
0.2657778438775391,66,73.2454278546414,154.82893786369524,0,2,0,13.300666617091847,Relaxed
0.22867240832641822,42,76.32092440312469,158.02847844613325,0,2,0,8.528495693755186,Relaxed
0.22756285141071497,18,7467261.8810377875,155.0290295396317,1,2,0,3.729327861441964,Relaxed
0.28714691234125034,24,15.211807072230991,160.44936896105264,0,2,0,4.884639815744063,Relaxed
