Time,Alpha,Beta,Theta,Gamma,Delta,B/A,T/A,G/B,T/B,D/B,(B+G)/(A+T),Spectral Entropy,Sample Entropy,Delta RP,Theta RP,Alpha RP,Beta RP,FAA,Engagement,ZCR,Spectral_Entropy_New,Rule_Label,ML_Label
17:54:27,5.685563331328837e+18,1.9295152359408034e+19,4.5499480797627177e+18,1.6994690585196315e+19,4.784770088308171e+18,3.3937098639086565,0.8002633713868593,0.880775143343709,0.2358078337507519,0.24797783397523612,3.5454840981643008,6.674874861821488,0.004094638083737098,0.13943492913408295,0.13259188557789078,0.16568531100968495,0.5622878742783413,-0.3966025632686563,1.8851185431242,2,2.039431872572919,Acute Stress,Distressed
17:54:27,2.0440179790637885e+17,6.934614759103483e+17,1.6350263034403277e+17,6.124616835899924e+17,2.6669291515352253e+17,3.392638827120156,0.7999079852463973,0.8831949644873602,0.23577752481403974,0.3845821641402917,3.549626096404235,6.6122440914332525,0.003808315277232327,0.20081408389067004,0.1231139976378864,0.15391019955871968,0.5221617189127239,-0.36825151935400424,1.8848957029632392,2,2.0918591592279667,Acute Stress,Distressed
17:54:28,5.610345145960332e+18,1.9034128054746907e+19,4.4837831009072297e+18,1.6748051639840897e+19,3.3877072338203674e+18,3.3926839721175126,0.7991991551777753,0.8798959212457391,0.23556545842345653,0.1779806894267221,3.5448509093087686,6.677723162830543,0.007128156707498187,0.10418597099632475,0.13789482498407124,0.17254125469314052,0.5853779493264634,-0.41283669463332284,1.8856633865984047,3,1.9964949674731067,Acute Stress,Distressed
17:54:29,1063791988176640.8,3608687932647759.0,851136842901565.9,3172059670957091.5,586668171470550.2,3.392287188431563,0.8000970606673117,0.8790063674554687,0.23585770196456737,0.16257104588151552,3.540991964587493,6.6768313689325245,0.008397293644483097,0.09601322650130752,0.13929576966187618,0.1740985894207612,0.590592414416055,-0.41649382499529386,1.8845023763185373,3,1.985293520365461,Acute Stress,Distressed
