ear,blink_rate,smile_ratio,brow_furrow_score,movement_code,tilt_code,emotion,fatigue_score,Predicted_Label
0.16962979473397582,6,95.18833322796581,163.27277789025334,1,2,0,1.3727776539495182,Relaxed
0.13339534304787085,0,9272000.862812728,163.21764610482532,1,2,1,0.19995349271409688,Relaxed
0.2232856178725698,6,9095603.333479313,161.29786111415117,0,2,3,1.3325357865955727,Relaxed
0.08826363432528372,6,8902246.907382427,160.80111939908875,0,2,2,1.4338022742560375,Relaxed
0.06894931172092697,0,9047098.982546836,161.07451691686057,0,2,2,0.24828801620930477,Relaxed
